time_s,pitch_deg_asshipped_Kp3_Ki0_Kd0,pitch_deg_tuned_Kp3_Ki2_Kd0
0.000,30.0000,30.0000
0.020,0.0000,0.0000
0.040,10.0000,9.6000
0.060,6.6667,6.2720
0.080,7.7778,7.2977
0.100,7.4074,6.8585
0.120,7.5309,6.9135
0.140,7.4897,6.8030
0.160,7.5034,6.7491
0.180,7.4989,6.6771
0.200,7.5004,6.6120
0.220,7.4999,6.5455
0.240,7.5000,6.4804
0.260,7.5000,6.4157
0.280,7.5000,6.3518
0.300,7.5000,6.2884
0.320,7.5000,6.2257
0.340,7.5000,6.1636
0.360,7.5000,6.1021
0.380,7.5000,6.0412
0.400,7.5000,5.9810
0.420,7.5000,5.9213
0.440,7.5000,5.8622
0.460,7.5000,5.8038
0.480,7.5000,5.7459
0.500,7.5000,5.6886
0.520,7.5000,5.6318
0.540,7.5000,5.5756
0.560,7.5000,5.5200
0.580,7.5000,5.4650
0.600,7.5000,5.4104
0.620,7.5000,5.3565
0.640,7.5000,5.3030
0.660,7.5000,5.2502
0.680,7.5000,5.1978
0.700,7.5000,5.1459
0.720,7.5000,5.0946
0.740,7.5000,5.0438
0.760,7.5000,4.9935
0.780,7.5000,4.9437
0.800,7.5000,4.8944
0.820,7.5000,4.8455
0.840,7.5000,4.7972
0.860,7.5000,4.7493
0.880,7.5000,4.7020
0.900,7.5000,4.6551
0.920,7.5000,4.6086
0.940,7.5000,4.5627
0.960,7.5000,4.5172
0.980,7.5000,4.4721
1.000,7.5000,4.4275
1.020,7.5000,4.3833
1.040,7.5000,4.3396
1.060,7.5000,4.2963
1.080,7.5000,4.2535
1.100,7.5000,4.2110
1.120,7.5000,4.1690
1.140,7.5000,4.1274
1.160,7.5000,4.0863
1.180,7.5000,4.0455
1.200,7.5000,4.0052
1.220,7.5000,3.9652
1.240,7.5000,3.9257
1.260,7.5000,3.8865
1.280,7.5000,3.8477
1.300,7.5000,3.8093
1.320,7.5000,3.7714
1.340,7.5000,3.7337
1.360,7.5000,3.6965
1.380,7.5000,3.6596
1.400,7.5000,3.6231
1.420,7.5000,3.5870
1.440,7.5000,3.5512
1.460,7.5000,3.5158
1.480,7.5000,3.4807
1.500,7.5000,3.4460
1.520,7.5000,3.4116
1.540,7.5000,3.3776
1.560,7.5000,3.3439
1.580,7.5000,3.3105
1.600,7.5000,3.2775
1.620,7.5000,3.2448
1.640,7.5000,3.2125
1.660,7.5000,3.1804
1.680,7.5000,3.1487
1.700,7.5000,3.1173
1.720,7.5000,3.0862
1.740,7.5000,3.0554
1.760,7.5000,3.0249
1.780,7.5000,2.9947
1.800,7.5000,2.9649
1.820,7.5000,2.9353
1.840,7.5000,2.9060
1.860,7.5000,2.8770
1.880,7.5000,2.8483
1.900,7.5000,2.8199
1.920,7.5000,2.7918
1.940,7.5000,2.7639
1.960,7.5000,2.7364
1.980,7.5000,2.7091
2.000,7.5000,2.6821
2.020,7.5000,2.6553
2.040,7.5000,2.6288
2.060,7.5000,2.6026
2.080,7.5000,2.5766
2.100,7.5000,2.5509
2.120,7.5000,2.5255
2.140,7.5000,2.5003
2.160,7.5000,2.4754
2.180,7.5000,2.4507
2.200,7.5000,2.4262
2.220,7.5000,2.4020
2.240,7.5000,2.3781
2.260,7.5000,2.3543
2.280,7.5000,2.3309
2.300,7.5000,2.3076
2.320,7.5000,2.2846
2.340,7.5000,2.2618
2.360,7.5000,2.2392
2.380,7.5000,2.2169
2.400,7.5000,2.1948
2.420,7.5000,2.1729
2.440,7.5000,2.1512
2.460,7.5000,2.1298
2.480,7.5000,2.1085
2.500,7.5000,2.0875
2.520,7.5000,2.0667
2.540,7.5000,2.0460
2.560,7.5000,2.0256
2.580,7.5000,2.0054
2.600,7.5000,1.9854
2.620,7.5000,1.9656
2.640,7.5000,1.9460
2.660,7.5000,1.9266
2.680,7.5000,1.9074
2.700,7.5000,1.8884
2.720,7.5000,1.8695
2.740,7.5000,1.8509
2.760,7.5000,1.8324
2.780,7.5000,1.8141
2.800,7.5000,1.7960
2.820,7.5000,1.7781
2.840,7.5000,1.7604
2.860,7.5000,1.7428
2.880,7.5000,1.7254
2.900,7.5000,1.7082
2.920,7.5000,1.6912
2.940,7.5000,1.6743
2.960,7.5000,1.6576
2.980,7.5000,1.6411
